source,dimension,profile_group,profile_label,profile_category,value
night_workers_demographics,ethnic_group,2017 numbers,workers at night,BAME | male,146000.0
night_workers_demographics,ethnic_group,2017 numbers,workers at night,BAME | female,84000.0
night_workers_demographics,ethnic_group,2017 numbers,workers at night,BAME | all,230000.0
night_workers_demographics,ethnic_group,2017 numbers,workers at night,All | male,419000.0
night_workers_demographics,ethnic_group,2017 numbers,workers at night,All | female,197000.0
night_workers_demographics,ethnic_group,2017 numbers,workers at night,All | all,616000.0
night_workers_demographics,ethnic_group,2017 numbers,workers in the evening,BAME | male,305000.0
night_workers_demographics,ethnic_group,2017 numbers,workers in the evening,BAME | female,213000.0
night_workers_demographics,ethnic_group,2017 numbers,workers in the evening,BAME | all,518000.0
night_workers_demographics,ethnic_group,2017 numbers,workers in the evening,All | male,959000.0
night_workers_demographics,ethnic_group,2017 numbers,workers in the evening,All | female,590000.0
night_workers_demographics,ethnic_group,2017 numbers,workers in the evening,All | all,1549000.0
night_workers_demographics,ethnic_group,2017 numbers,workers at night or in the evening,BAME | male,325000.0
night_workers_demographics,ethnic_group,2017 numbers,workers at night or in the evening,BAME | female,224000.0
night_workers_demographics,ethnic_group,2017 numbers,workers at night or in the evening,BAME | all,550000.0
night_workers_demographics,ethnic_group,2017 numbers,workers at night or in the evening,All | male,1011000.0
night_workers_demographics,ethnic_group,2017 numbers,workers at night or in the evening,All | female,612000.0
night_workers_demographics,ethnic_group,2017 numbers,workers at night or in the evening,All | all,1622000.0
night_workers_demographics,ethnic_group,2017 numbers,all workers,BAME | male,896000.0
night_workers_demographics,ethnic_group,2017 numbers,all workers,BAME | female,738000.0
night_workers_demographics,ethnic_group,2017 numbers,all workers,BAME | all,1634000.0
night_workers_demographics,ethnic_group,2017 numbers,all workers,All | male,2990000.0
night_workers_demographics,ethnic_group,2017 numbers,all workers,All | female,2302000.0
night_workers_demographics,ethnic_group,2017 numbers,all workers,All | all,5292000.0
night_workers_demographics,ethnic_group,% change in workers since 2011,workers at night,BAME | male,0.34413007651017824
night_workers_demographics,ethnic_group,% change in workers since 2011,workers at night,BAME | female,0.809004647974811
night_workers_demographics,ethnic_group,% change in workers since 2011,workers at night,BAME | all,0.48388280746941414
night_workers_demographics,ethnic_group,% change in workers since 2011,workers at night,All | male,0.26744316137362145
night_workers_demographics,ethnic_group,% change in workers since 2011,workers at night,All | female,0.5623919696801509
night_workers_demographics,ethnic_group,% change in workers since 2011,workers at night,All | all,0.3488712653692001
night_workers_demographics,ethnic_group,% change in workers since 2011,workers in the evening,BAME | male,0.319860177978897
night_workers_demographics,ethnic_group,% change in workers since 2011,workers in the evening,BAME | female,0.7615952097393146
night_workers_demographics,ethnic_group,% change in workers since 2011,workers in the evening,BAME | all,0.4715690089557836
night_workers_demographics,ethnic_group,% change in workers since 2011,workers in the evening,All | male,0.2404788108358369
night_workers_demographics,ethnic_group,% change in workers since 2011,workers in the evening,All | female,0.34087456794615245
night_workers_demographics,ethnic_group,% change in workers since 2011,workers in the evening,All | all,0.27687593414393463
night_workers_demographics,ethnic_group,% change in workers since 2011,workers at night or in the evening,BAME | male,0.2733978485366684
night_workers_demographics,ethnic_group,% change in workers since 2011,workers at night or in the evening,BAME | female,0.7324285283916667
night_workers_demographics,ethnic_group,% change in workers since 2011,workers at night or in the evening,BAME | all,0.42774620523423135
night_workers_demographics,ethnic_group,% change in workers since 2011,workers at night or in the evening,All | male,0.22904375681819
night_workers_demographics,ethnic_group,% change in workers since 2011,workers at night or in the evening,All | female,0.34229726912653735
night_workers_demographics,ethnic_group,% change in workers since 2011,workers at night or in the evening,All | all,0.2694293422975922
night_workers_demographics,ethnic_group,% change in workers since 2011,all workers,BAME | male,0.30415971923897445
night_workers_demographics,ethnic_group,% change in workers since 2011,all workers,BAME | female,0.3702479185423764
night_workers_demographics,ethnic_group,% change in workers since 2011,all workers,BAME | all,0.33321228343629383
night_workers_demographics,ethnic_group,% change in workers since 2011,all workers,All | male,0.22664167781947153
night_workers_demographics,ethnic_group,% change in workers since 2011,all workers,All | female,0.28452391115962006
night_workers_demographics,ethnic_group,% change in workers since 2011,all workers,All | all,0.251167582109046
night_workers_demographics,ethnic_group,share of all workers in 2017,workers at night,BAME | male,0.16301295371789903
night_workers_demographics,ethnic_group,share of all workers in 2017,workers at night,BAME | female,0.11441991405331296
night_workers_demographics,ethnic_group,share of all workers in 2017,workers at night,BAME | all,0.1410579021304336
night_workers_demographics,ethnic_group,share of all workers in 2017,workers at night,All | male,0.1402002167398052
night_workers_demographics,ethnic_group,share of all workers in 2017,workers at night,All | female,0.08559990130372909
night_workers_demographics,ethnic_group,share of all workers in 2017,workers at night,All | all,0.11644813873311247
night_workers_demographics,ethnic_group,share of all workers in 2017,workers in the evening,BAME | male,0.34066123029613443
night_workers_demographics,ethnic_group,share of all workers in 2017,workers in the evening,BAME | female,0.2885635631567254
night_workers_demographics,ethnic_group,share of all workers in 2017,workers in the evening,BAME | all,0.317122736356931
night_workers_demographics,ethnic_group,share of all workers in 2017,workers in the evening,All | male,0.3208280932248742
night_workers_demographics,ethnic_group,share of all workers in 2017,workers in the evening,All | female,0.25615114082811036
night_workers_demographics,ethnic_group,share of all workers in 2017,workers in the evening,All | all,0.2926925045145558
night_workers_demographics,ethnic_group,share of all workers in 2017,workers at night or in the evening,BAME | male,0.3633573142557893
night_workers_demographics,ethnic_group,share of all workers in 2017,workers at night or in the evening,BAME | female,0.30384131835498257
night_workers_demographics,ethnic_group,share of all workers in 2017,workers at night or in the evening,BAME | all,0.33646711003516544
night_workers_demographics,ethnic_group,share of all workers in 2017,workers at night or in the evening,All | male,0.3380137536123301
night_workers_demographics,ethnic_group,share of all workers in 2017,workers at night or in the evening,All | female,0.2657262429561618
night_workers_demographics,ethnic_group,share of all workers in 2017,workers at night or in the evening,All | all,0.3065674409252704
night_workers_demographics,ethnic_group,share of night-time working category in 2017,workers at night,BAME | male,0.3482876671477819
night_workers_demographics,ethnic_group,share of night-time working category in 2017,workers at night,BAME | female,0.42860260235876824
night_workers_demographics,ethnic_group,share of night-time working category in 2017,workers at night,BAME | all,0.37397053310765527
night_workers_demographics,ethnic_group,share of night-time working category in 2017,workers at night,All | male,1.0
night_workers_demographics,ethnic_group,share of night-time working category in 2017,workers at night,All | female,1.0
night_workers_demographics,ethnic_group,share of night-time working category in 2017,workers at night,All | all,1.0
night_workers_demographics,ethnic_group,share of night-time working category in 2017,workers in the evening,BAME | male,0.31806434326974903
night_workers_demographics,ethnic_group,share of night-time working category in 2017,workers in the evening,BAME | female,0.3612198832214333
night_workers_demographics,ethnic_group,share of night-time working category in 2017,workers in the evening,BAME | all,0.33449397041182494
night_workers_demographics,ethnic_group,share of night-time working category in 2017,workers in the evening,All | male,1.0
night_workers_demographics,ethnic_group,share of night-time working category in 2017,workers in the evening,All | female,1.0
night_workers_demographics,ethnic_group,share of night-time working category in 2017,workers in the evening,All | all,1.0
night_workers_demographics,ethnic_group,share of night-time working category in 2017,workers at night or in the evening,BAME | male,0.32200617467197057
night_workers_demographics,ethnic_group,share of night-time working category in 2017,workers at night or in the evening,BAME | female,0.3666391479553053
night_workers_demographics,ethnic_group,share of night-time working category in 2017,workers at night or in the evening,BAME | all,0.33883565464761123
night_workers_demographics,ethnic_group,share of night-time working category in 2017,workers at night or in the evening,All | male,1.0
night_workers_demographics,ethnic_group,share of night-time working category in 2017,workers at night or in the evening,All | female,1.0
night_workers_demographics,ethnic_group,share of night-time working category in 2017,workers at night or in the evening,All | all,1.0
night_workers_demographics,country_of_birth,2017 numbers,workers at night,London | UK,489000.0
night_workers_demographics,country_of_birth,2017 numbers,workers at night,London | EEA,66000.0
night_workers_demographics,country_of_birth,2017 numbers,workers at night,London | Rest of world,61000.0
night_workers_demographics,country_of_birth,2017 numbers,workers at night,London | All,616000.0
night_workers_demographics,country_of_birth,2017 numbers,workers at night,Rest of UK | UK,2778000.0
night_workers_demographics,country_of_birth,2017 numbers,workers at night,Rest of UK | EEA,286000.0
night_workers_demographics,country_of_birth,2017 numbers,workers at night,Rest of UK | Rest of world,129000.0
night_workers_demographics,country_of_birth,2017 numbers,workers at night,Rest of UK | All,3193000.0
night_workers_demographics,country_of_birth,2017 numbers,workers in the evening,London | UK,1179000.0
night_workers_demographics,country_of_birth,2017 numbers,workers in the evening,London | EEA,211000.0
night_workers_demographics,country_of_birth,2017 numbers,workers in the evening,London | Rest of world,159000.0
night_workers_demographics,country_of_birth,2017 numbers,workers in the evening,London | All,1549000.0
night_workers_demographics,country_of_birth,2017 numbers,workers in the evening,Rest of UK | UK,6531000.0
night_workers_demographics,country_of_birth,2017 numbers,workers in the evening,Rest of UK | EEA,469000.0
night_workers_demographics,country_of_birth,2017 numbers,workers in the evening,Rest of UK | Rest of world,227000.0
night_workers_demographics,country_of_birth,2017 numbers,workers in the evening,Rest of UK | All,7228000.0
night_workers_demographics,country_of_birth,2017 numbers,workers at night or in the evening,London | UK,1227000.0
night_workers_demographics,country_of_birth,2017 numbers,workers at night or in the evening,London | EEA,223000.0
night_workers_demographics,country_of_birth,2017 numbers,workers at night or in the evening,London | Rest of world,173000.0
night_workers_demographics,country_of_birth,2017 numbers,workers at night or in the evening,London | All,1622000.0
night_workers_demographics,country_of_birth,2017 numbers,workers at night or in the evening,Rest of UK | UK,6999000.0
night_workers_demographics,country_of_birth,2017 numbers,workers at night or in the evening,Rest of UK | EEA,565000.0
night_workers_demographics,country_of_birth,2017 numbers,workers at night or in the evening,Rest of UK | Rest of world,264000.0
night_workers_demographics,country_of_birth,2017 numbers,workers at night or in the evening,Rest of UK | All,7827000.0
night_workers_demographics,country_of_birth,2017 numbers,all workers,London | UK,4005000.0
night_workers_demographics,country_of_birth,2017 numbers,all workers,London | EEA,792000.0
night_workers_demographics,country_of_birth,2017 numbers,all workers,London | Rest of world,494000.0
night_workers_demographics,country_of_birth,2017 numbers,all workers,London | All,5292000.0
night_workers_demographics,country_of_birth,2017 numbers,all workers,Rest of UK | UK,24541000.0
night_workers_demographics,country_of_birth,2017 numbers,all workers,Rest of UK | EEA,1517000.0
night_workers_demographics,country_of_birth,2017 numbers,all workers,Rest of UK | Rest of world,687000.0
night_workers_demographics,country_of_birth,2017 numbers,all workers,Rest of UK | All,26745000.0
night_workers_demographics,country_of_birth,% change in workers since 2011,workers at night,London | UK,0.3824142564175095
night_workers_demographics,country_of_birth,% change in workers since 2011,workers at night,London | EEA,1.0941948925155467
night_workers_demographics,country_of_birth,% change in workers since 2011,workers at night,London | Rest of world,-0.14628119939695128
night_workers_demographics,country_of_birth,% change in workers since 2011,workers at night,London | All,0.34886831275720165
night_workers_demographics,country_of_birth,% change in workers since 2011,workers at night,Rest of UK | UK,0.12324251361042271
night_workers_demographics,country_of_birth,% change in workers since 2011,workers at night,Rest of UK | EEA,1.1460378747474143
night_workers_demographics,country_of_birth,% change in workers since 2011,workers at night,Rest of UK | Rest of world,0.06819569846326523
night_workers_demographics,country_of_birth,% change in workers since 2011,workers at night,Rest of UK | All,0.1707224599499122
night_workers_demographics,country_of_birth,% change in workers since 2011,workers in the evening,London | UK,0.271596254261425
night_workers_demographics,country_of_birth,% change in workers since 2011,workers in the evening,London | EEA,0.9066012947964353
night_workers_demographics,country_of_birth,% change in workers since 2011,workers in the evening,London | Rest of world,-0.07965856481481481
night_workers_demographics,country_of_birth,% change in workers since 2011,workers in the evening,London | All,0.2795523395438635
night_workers_demographics,country_of_birth,% change in workers since 2011,workers in the evening,Rest of UK | UK,0.044936958373519076
night_workers_demographics,country_of_birth,% change in workers since 2011,workers in the evening,Rest of UK | EEA,0.7231766434080058
night_workers_demographics,country_of_birth,% change in workers since 2011,workers in the evening,Rest of UK | Rest of world,-0.03566702856755111
night_workers_demographics,country_of_birth,% change in workers since 2011,workers in the evening,Rest of UK | All,0.06945202366057002
night_workers_demographics,country_of_birth,% change in workers since 2011,workers at night or in the evening,London | UK,0.26093133515770695
night_workers_demographics,country_of_birth,% change in workers since 2011,workers at night or in the evening,London | EEA,0.8719668855266913
night_workers_demographics,country_of_birth,% change in workers since 2011,workers at night or in the evening,London | Rest of world,-0.05892030288173444
night_workers_demographics,country_of_birth,% change in workers since 2011,workers at night or in the evening,London | All,0.2719554094083074
night_workers_demographics,country_of_birth,% change in workers since 2011,workers at night or in the evening,Rest of UK | UK,0.05742498861145928
night_workers_demographics,country_of_birth,% change in workers since 2011,workers at night or in the evening,Rest of UK | EEA,0.8634615955828238
night_workers_demographics,country_of_birth,% change in workers since 2011,workers at night or in the evening,Rest of UK | Rest of world,0.009557775700648197
night_workers_demographics,country_of_birth,% change in workers since 2011,workers at night or in the evening,Rest of UK | All,0.08968835250158103
night_workers_demographics,country_of_birth,% change in workers since 2011,all workers,London | UK,0.24064995066979122
night_workers_demographics,country_of_birth,% change in workers since 2011,all workers,London | EEA,0.7081485760847774
night_workers_demographics,country_of_birth,% change in workers since 2011,all workers,London | Rest of world,-0.06973877134634676
night_workers_demographics,country_of_birth,% change in workers since 2011,all workers,London | All,0.25295333968360856
night_workers_demographics,country_of_birth,% change in workers since 2011,all workers,Rest of UK | UK,0.08517556114720914
night_workers_demographics,country_of_birth,% change in workers since 2011,all workers,Rest of UK | EEA,0.7429765532710968
night_workers_demographics,country_of_birth,% change in workers since 2011,all workers,Rest of UK | Rest of world,0.021046246435548532
night_workers_demographics,country_of_birth,% change in workers since 2011,all workers,Rest of UK | All,0.1070856871357635
night_workers_demographics,country_of_birth,share of all workers in 2017,workers at night,London | UK,0.12202324922936181
night_workers_demographics,country_of_birth,share of all workers in 2017,workers at night,London | EEA,0.08372233895545839
night_workers_demographics,country_of_birth,share of all workers in 2017,workers at night,London | Rest of world,0.12373822699268582
night_workers_demographics,country_of_birth,share of all workers in 2017,workers at night,London | All,0.11644813873311247
night_workers_demographics,country_of_birth,share of all workers in 2017,workers at night,Rest of UK | UK,0.11318428257991986
night_workers_demographics,country_of_birth,share of all workers in 2017,workers at night,Rest of UK | EEA,0.18835011112305156
night_workers_demographics,country_of_birth,share of all workers in 2017,workers at night,Rest of UK | Rest of world,0.18846047439462993
night_workers_demographics,country_of_birth,share of all workers in 2017,workers at night,Rest of UK | All,0.1193801635618834
night_workers_demographics,country_of_birth,share of all workers in 2017,workers in the evening,London | UK,0.2942901614482655
night_workers_demographics,country_of_birth,share of all workers in 2017,workers in the evening,London | EEA,0.26647736952694645
night_workers_demographics,country_of_birth,share of all workers in 2017,workers in the evening,London | Rest of world,0.3217736143005999
night_workers_demographics,country_of_birth,share of all workers in 2017,workers in the evening,London | All,0.2926923155419395
night_workers_demographics,country_of_birth,share of all workers in 2017,workers in the evening,Rest of UK | UK,0.2661235415150091
night_workers_demographics,country_of_birth,share of all workers in 2017,workers in the evening,Rest of UK | EEA,0.3093519393296488
night_workers_demographics,country_of_birth,share of all workers in 2017,workers in the evening,Rest of UK | Rest of world,0.33108901087700393
night_workers_demographics,country_of_birth,share of all workers in 2017,workers in the evening,Rest of UK | All,0.2702433835702723
night_workers_demographics,country_of_birth,share of all workers in 2017,workers at night or in the evening,London | UK,0.306251844513101
night_workers_demographics,country_of_birth,share of all workers in 2017,workers at night or in the evening,London | EEA,0.28136495857547594
night_workers_demographics,country_of_birth,share of all workers in 2017,workers at night or in the evening,London | Rest of world,0.34953110299547796
night_workers_demographics,country_of_birth,share of all workers in 2017,workers at night or in the evening,London | All,0.3065674409252704
night_workers_demographics,country_of_birth,share of all workers in 2017,workers at night or in the evening,Rest of UK | UK,0.28517481038600023
night_workers_demographics,country_of_birth,share of all workers in 2017,workers at night or in the evening,Rest of UK | EEA,0.3722520037421207
night_workers_demographics,country_of_birth,share of all workers in 2017,workers at night or in the evening,Rest of UK | Rest of world,0.38373691337711313
night_workers_demographics,country_of_birth,share of all workers in 2017,workers at night or in the evening,Rest of UK | All,0.2926441721778187
night_workers_demographics,age,,workers at night,15-19,6341.0
night_workers_demographics,age,,workers at night,20-24,40225.0
night_workers_demographics,age,,workers at night,25-29,71073.0
night_workers_demographics,age,,workers at night,30-34,82692.0
night_workers_demographics,age,,workers at night,35-39,89929.0
night_workers_demographics,age,,workers at night,40-44,71453.0
night_workers_demographics,age,,workers at night,45-49,79458.0
night_workers_demographics,age,,workers at night,50-54,79700.0
night_workers_demographics,age,,workers at night,55-59,54263.0
night_workers_demographics,age,,workers at night,60-64,30237.0
night_workers_demographics,age,,workers at night,65-69,9867.0
night_workers_demographics,age,,workers at night,70+,979.0
night_workers_demographics,age,,workers at night,Total,616217.0
night_workers_demographics,age,,workers in the evening,15-19,28718.0
night_workers_demographics,age,,workers in the evening,20-24,118400.0
night_workers_demographics,age,,workers in the evening,25-29,193681.0
night_workers_demographics,age,,workers in the evening,30-34,192161.0
night_workers_demographics,age,,workers in the evening,35-39,226246.0
night_workers_demographics,age,,workers in the evening,40-44,174696.0
night_workers_demographics,age,,workers in the evening,45-49,199515.0
night_workers_demographics,age,,workers in the evening,50-54,167998.0
night_workers_demographics,age,,workers in the evening,55-59,123669.0
night_workers_demographics,age,,workers in the evening,60-64,76232.0
night_workers_demographics,age,,workers in the evening,65-69,35911.0
night_workers_demographics,age,,workers in the evening,70+,11633.0
night_workers_demographics,age,,workers in the evening,Total,1548860.0
night_workers_demographics,age,,workers at night or in the evening,15-19,29647.0
night_workers_demographics,age,,workers at night or in the evening,20-24,125010.0
night_workers_demographics,age,,workers at night or in the evening,25-29,201018.0
night_workers_demographics,age,,workers at night or in the evening,30-34,199714.0
night_workers_demographics,age,,workers at night or in the evening,35-39,239163.0
night_workers_demographics,age,,workers at night or in the evening,40-44,186475.0
night_workers_demographics,age,,workers at night or in the evening,45-49,208496.0
night_workers_demographics,age,,workers at night or in the evening,50-54,176512.0
night_workers_demographics,age,,workers at night or in the evening,55-59,130694.0
night_workers_demographics,age,,workers at night or in the evening,60-64,76232.0
night_workers_demographics,age,,workers at night or in the evening,65-69,37691.0
night_workers_demographics,age,,workers at night or in the evening,70+,11633.0
night_workers_demographics,age,,workers at night or in the evening,Total,1622285.0
night_workers_demographics,age,,all workers,15-19,73996.0
night_workers_demographics,age,,all workers,20-24,386902.0
night_workers_demographics,age,,all workers,25-29,713304.0
night_workers_demographics,age,,all workers,30-34,714668.0
night_workers_demographics,age,,all workers,35-39,770252.0
night_workers_demographics,age,,all workers,40-44,632086.0
night_workers_demographics,age,,all workers,45-49,603711.0
night_workers_demographics,age,,all workers,50-54,541222.0
night_workers_demographics,age,,all workers,55-59,424485.0
night_workers_demographics,age,,all workers,60-64,250659.0
night_workers_demographics,age,,all workers,65-69,104385.0
night_workers_demographics,age,,all workers,70+,76103.0
night_workers_demographics,age,,all workers,Total,5291773.0
night_workers_demographics,age,Percent,workers at night,15-19,0.010290206209825434
night_workers_demographics,age,Percent,workers at night,20-24,0.0652773292525198
night_workers_demographics,age,Percent,workers at night,25-29,0.11533761645654048
night_workers_demographics,age,Percent,workers at night,30-34,0.13419298721067416
night_workers_demographics,age,Percent,workers at night,35-39,0.14593722665879066
night_workers_demographics,age,Percent,workers at night,40-44,0.11595428233885141
night_workers_demographics,age,Percent,workers at night,45-49,0.12894483599121737
night_workers_demographics,age,Percent,workers at night,50-54,0.12933755478995224
night_workers_demographics,age,Percent,workers at night,55-59,0.08805826518904866
night_workers_demographics,age,Percent,workers at night,60-64,0.04906875337746281
night_workers_demographics,age,Percent,workers at night,65-69,0.01601221647568957
night_workers_demographics,age,Percent,workers at night,70+,0.0015887260494273933
night_workers_demographics,age,Percent,workers at night,Total,1.0
night_workers_demographics,age,Percent,workers in the evening,15-19,0.01854137882055189
night_workers_demographics,age,Percent,workers in the evening,20-24,0.07644331960280465
night_workers_demographics,age,Percent,workers in the evening,25-29,0.1250474542566791
night_workers_demographics,age,Percent,workers in the evening,30-34,0.1240660873158323
night_workers_demographics,age,Percent,workers in the evening,35-39,0.14607259532817685
night_workers_demographics,age,Percent,workers in the evening,40-44,0.11279005203827332
night_workers_demographics,age,Percent,workers in the evening,45-49,0.12881409552832407
night_workers_demographics,age,Percent,workers in the evening,50-54,0.10846558113709438
night_workers_demographics,age,Percent,workers in the evening,55-59,0.07984517645235852
night_workers_demographics,age,Percent,workers in the evening,60-64,0.04921813462804902
night_workers_demographics,age,Percent,workers in the evening,65-69,0.02318543961365133
night_workers_demographics,age,Percent,workers in the evening,70+,0.007510685278204615
night_workers_demographics,age,Percent,workers in the evening,Total,1.0
night_workers_demographics,age,Percent,workers at night or in the evening,15-19,0.018274840733903105
night_workers_demographics,age,Percent,workers at night or in the evening,20-24,0.07705797686596375
night_workers_demographics,age,Percent,workers at night or in the evening,25-29,0.1239104103163131
night_workers_demographics,age,Percent,workers at night or in the evening,30-34,0.1231066058060082
night_workers_demographics,age,Percent,workers at night or in the evening,35-39,0.14742354148623701
night_workers_demographics,age,Percent,workers at night or in the evening,40-44,0.11494589421710735
night_workers_demographics,age,Percent,workers at night or in the evening,45-49,0.12851995796053098
night_workers_demographics,age,Percent,workers at night or in the evening,50-54,0.10880455653599706
night_workers_demographics,age,Percent,workers at night or in the evening,55-59,0.08056167689401061
night_workers_demographics,age,Percent,workers at night or in the evening,60-64,0.04699051029874529
night_workers_demographics,age,Percent,workers at night or in the evening,65-69,0.023233278986121427
night_workers_demographics,age,Percent,workers at night or in the evening,70+,0.007170749899062126
night_workers_demographics,age,Percent,workers at night or in the evening,Total,0.9999999999999998
night_workers_demographics,age,Percent,all workers,15-19,0.013983215077441909
night_workers_demographics,age,Percent,all workers,20-24,0.07311386939689211
night_workers_demographics,age,Percent,all workers,25-29,0.13479489766473354
night_workers_demographics,age,Percent,all workers,30-34,0.13505265626473395
night_workers_demographics,age,Percent,all workers,35-39,0.14555650818733154
night_workers_demographics,age,Percent,all workers,40-44,0.11944692260987008
night_workers_demographics,age,Percent,all workers,45-49,0.11408482563405498
night_workers_demographics,age,Percent,all workers,50-54,0.10227611804210045
night_workers_demographics,age,Percent,all workers,55-59,0.08021602589529067
night_workers_demographics,age,Percent,all workers,60-64,0.04736767809201188
night_workers_demographics,age,Percent,all workers,65-69,0.01972590283067698
night_workers_demographics,age,Percent,all workers,70+,0.014381380304861906
night_workers_demographics,age,Percent,all workers,Total,1.0
night_workers_demographics,age,Number,workers at night,15-19,92050.0
night_workers_demographics,age,Number,workers at night,20-24,330273.0
night_workers_demographics,age,Number,workers at night,25-29,409307.0
night_workers_demographics,age,Number,workers at night,30-34,368286.0
night_workers_demographics,age,Number,workers at night,35-39,338428.0
night_workers_demographics,age,Number,workers at night,40-44,359217.0
night_workers_demographics,age,Number,workers at night,45-49,365152.0
night_workers_demographics,age,Number,workers at night,50-54,380834.0
night_workers_demographics,age,Number,workers at night,55-59,279597.0
night_workers_demographics,age,Number,workers at night,60-64,191961.0
night_workers_demographics,age,Number,workers at night,65-69,48090.0
night_workers_demographics,age,Number,workers at night,70+,29612.0
night_workers_demographics,age,Number,workers at night,Total,3192807.0
night_workers_demographics,age,Number,workers in the evening,15-19,376387.0
night_workers_demographics,age,Number,workers in the evening,20-24,713751.0
night_workers_demographics,age,Number,workers in the evening,25-29,888546.0
night_workers_demographics,age,Number,workers in the evening,30-34,742529.0
night_workers_demographics,age,Number,workers in the evening,35-39,704130.0
night_workers_demographics,age,Number,workers in the evening,40-44,708072.0
night_workers_demographics,age,Number,workers in the evening,45-49,827708.0
night_workers_demographics,age,Number,workers in the evening,50-54,868742.0
night_workers_demographics,age,Number,workers in the evening,55-59,702391.0
night_workers_demographics,age,Number,workers in the evening,60-64,428839.0
night_workers_demographics,age,Number,workers in the evening,65-69,164621.0
night_workers_demographics,age,Number,workers in the evening,70+,104860.0
night_workers_demographics,age,Number,workers in the evening,Total,7230576.0
night_workers_demographics,age,Number,workers at night or in the evening,15-19,390322.0
night_workers_demographics,age,Number,workers at night or in the evening,20-24,772707.0
night_workers_demographics,age,Number,workers at night or in the evening,25-29,969394.0
night_workers_demographics,age,Number,workers at night or in the evening,30-34,801692.0
night_workers_demographics,age,Number,workers at night or in the evening,35-39,766323.0
night_workers_demographics,age,Number,workers at night or in the evening,40-44,777615.0
night_workers_demographics,age,Number,workers at night or in the evening,45-49,903309.0
night_workers_demographics,age,Number,workers at night or in the evening,50-54,933750.0
night_workers_demographics,age,Number,workers at night or in the evening,55-59,763435.0
night_workers_demographics,age,Number,workers at night or in the evening,60-64,472136.0
night_workers_demographics,age,Number,workers at night or in the evening,65-69,171184.0
night_workers_demographics,age,Number,workers at night or in the evening,70+,107815.0
night_workers_demographics,age,Number,workers at night or in the evening,Total,7829682.0
night_workers_demographics,age,Number,all workers,15-19,917319.0
night_workers_demographics,age,Number,all workers,20-24,2243498.0
night_workers_demographics,age,Number,all workers,25-29,2914058.0
night_workers_demographics,age,Number,all workers,30-34,2746805.0
night_workers_demographics,age,Number,all workers,35-39,2738701.0
night_workers_demographics,age,Number,all workers,40-44,2733310.0
night_workers_demographics,age,Number,all workers,45-49,3333628.0
night_workers_demographics,age,Number,all workers,50-54,3430363.0
night_workers_demographics,age,Number,all workers,55-59,2834518.0
night_workers_demographics,age,Number,all workers,60-64,1746331.0
night_workers_demographics,age,Number,all workers,65-69,676708.0
night_workers_demographics,age,Number,all workers,70+,435448.0
night_workers_demographics,age,Number,all workers,Total,26750687.0
night_workers_demographics,age,Percent,workers at night,15-19,0.02883043040183763
night_workers_demographics,age,Percent,workers at night,20-24,0.103442832592136
night_workers_demographics,age,Percent,workers at night,25-29,0.12819659941863068
night_workers_demographics,age,Percent,workers at night,30-34,0.11534865715340764
night_workers_demographics,age,Percent,workers at night,35-39,0.10599701140720376
night_workers_demographics,age,Percent,workers at night,40-44,0.11250820986047701
night_workers_demographics,age,Percent,workers at night,45-49,0.11436707574244231
night_workers_demographics,age,Percent,workers at night,50-54,0.11927874124555603
night_workers_demographics,age,Percent,workers at night,55-59,0.08757090547596519
night_workers_demographics,age,Percent,workers at night,60-64,0.060122957635710524
night_workers_demographics,age,Percent,workers at night,65-69,0.015061981510313651
night_workers_demographics,age,Percent,workers at night,70+,0.009274597556319564
night_workers_demographics,age,Percent,workers at night,Total,1.0
night_workers_demographics,age,Percent,workers in the evening,15-19,0.052054912361062244
night_workers_demographics,age,Percent,workers in the evening,20-24,0.09871288262511867
night_workers_demographics,age,Percent,workers in the evening,25-29,0.12288730524373162
night_workers_demographics,age,Percent,workers in the evening,30-34,0.10269292515561693
night_workers_demographics,age,Percent,workers in the evening,35-39,0.09738228323718608
night_workers_demographics,age,Percent,workers in the evening,40-44,0.09792746801914537
night_workers_demographics,age,Percent,workers in the evening,45-49,0.11447331443580705
night_workers_demographics,age,Percent,workers in the evening,50-54,0.12014838098652168
night_workers_demographics,age,Percent,workers in the evening,55-59,0.09714177681003561
night_workers_demographics,age,Percent,workers in the evening,60-64,0.05930910621781722
night_workers_demographics,age,Percent,workers in the evening,65-69,0.02276734246344966
night_workers_demographics,age,Percent,workers in the evening,70+,0.014502302444507878
night_workers_demographics,age,Percent,workers in the evening,Total,1.0
night_workers_demographics,age,Percent,workers at night or in the evening,15-19,0.04985157762473623
night_workers_demographics,age,Percent,workers at night or in the evening,20-24,0.09868944869025333
night_workers_demographics,age,Percent,workers at night or in the evening,25-29,0.12381013686124162
night_workers_demographics,age,Percent,workers at night or in the evening,30-34,0.10239138703206592
night_workers_demographics,age,Percent,workers at night or in the evening,35-39,0.09787408990556705
night_workers_demographics,age,Percent,workers at night or in the evening,40-44,0.09931629407171326
night_workers_demographics,age,Percent,workers at night or in the evening,45-49,0.11536981961719518
night_workers_demographics,age,Percent,workers at night or in the evening,50-54,0.11925771698007659
night_workers_demographics,age,Percent,workers at night or in the evening,55-59,0.09750523712201849
night_workers_demographics,age,Percent,workers at night or in the evening,60-64,0.06030078871657878
night_workers_demographics,age,Percent,workers at night or in the evening,65-69,0.021863467762803138
night_workers_demographics,age,Percent,workers at night or in the evening,70+,0.013770035615750423
night_workers_demographics,age,Percent,workers at night or in the evening,Total,1.0
night_workers_demographics,age,Percent,all workers,15-19,0.0342914183848811
night_workers_demographics,age,Percent,all workers,20-24,0.0838669302212687
night_workers_demographics,age,Percent,all workers,25-29,0.10893394999537769
night_workers_demographics,age,Percent,all workers,30-34,0.10268166197002716
night_workers_demographics,age,Percent,all workers,35-39,0.10237871647931883
night_workers_demographics,age,Percent,all workers,40-44,0.10217718894471757
night_workers_demographics,age,Percent,all workers,45-49,0.12461840699642593
night_workers_demographics,age,Percent,all workers,50-54,0.12823457580734282
night_workers_demographics,age,Percent,all workers,55-59,0.10596056841456072
night_workers_demographics,age,Percent,all workers,60-64,0.06528172528802718
night_workers_demographics,age,Percent,all workers,65-69,0.025296845647365993
night_workers_demographics,age,Percent,all workers,70+,0.0162780118506863
night_workers_demographics,age,Percent,all workers,Total,1.0
night_workers_demographics,sex_timeseries,"Share of night time workers who are women, 2007 to 2017",London - evening,2007,0.36315809451508824
night_workers_demographics,sex_timeseries,"Share of night time workers who are women, 2007 to 2017",London - evening,2008,0.3776335818633109
night_workers_demographics,sex_timeseries,"Share of night time workers who are women, 2007 to 2017",London - evening,2009,0.3758299271557073
night_workers_demographics,sex_timeseries,"Share of night time workers who are women, 2007 to 2017",London - evening,2010,0.3615671478943717
night_workers_demographics,sex_timeseries,"Share of night time workers who are women, 2007 to 2017",London - evening,2011,0.36409348064523056
night_workers_demographics,sex_timeseries,"Share of night time workers who are women, 2007 to 2017",London - evening,2012,0.3829464879532833
night_workers_demographics,sex_timeseries,"Share of night time workers who are women, 2007 to 2017",London - evening,2013,0.36409348064523056
night_workers_demographics,sex_timeseries,"Share of night time workers who are women, 2007 to 2017",London - evening,2014,0.38570217094024084
night_workers_demographics,sex_timeseries,"Share of night time workers who are women, 2007 to 2017",London - evening,2015,0.38530122786454607
night_workers_demographics,sex_timeseries,"Share of night time workers who are women, 2007 to 2017",London - evening,2016,0.384160078369503
night_workers_demographics,sex_timeseries,"Share of night time workers who are women, 2007 to 2017",London - evening,2017,0.38070725474574235
night_workers_demographics,sex_timeseries,"Share of night time workers who are women, 2007 to 2017",London - night,2007,0.29469427644997853
night_workers_demographics,sex_timeseries,"Share of night time workers who are women, 2007 to 2017",London - night,2008,0.3096424982729385
night_workers_demographics,sex_timeseries,"Share of night time workers who are women, 2007 to 2017",London - night,2009,0.2623589289665855
night_workers_demographics,sex_timeseries,"Share of night time workers who are women, 2007 to 2017",London - night,2010,0.29935978883067255
night_workers_demographics,sex_timeseries,"Share of night time workers who are women, 2007 to 2017",London - night,2011,0.2760747745381315
night_workers_demographics,sex_timeseries,"Share of night time workers who are women, 2007 to 2017",London - night,2012,0.353984278241921
night_workers_demographics,sex_timeseries,"Share of night time workers who are women, 2007 to 2017",London - night,2013,0.2864294499708694
night_workers_demographics,sex_timeseries,"Share of night time workers who are women, 2007 to 2017",London - night,2014,0.358322653528943
night_workers_demographics,sex_timeseries,"Share of night time workers who are women, 2007 to 2017",London - night,2015,0.3197785844921513
night_workers_demographics,sex_timeseries,"Share of night time workers who are women, 2007 to 2017",London - night,2016,0.3387924280737065
night_workers_demographics,sex_timeseries,"Share of night time workers who are women, 2007 to 2017",London - night,2017,0.3197785844921513
night_workers_demographics,sex_timeseries,"Share of night time workers who are women, 2007 to 2017",London - evening or night,2007,0.3575915641464897
night_workers_demographics,sex_timeseries,"Share of night time workers who are women, 2007 to 2017",London - evening or night,2008,0.3707699185718161
night_workers_demographics,sex_timeseries,"Share of night time workers who are women, 2007 to 2017",London - evening or night,2009,0.36640285373280235
night_workers_demographics,sex_timeseries,"Share of night time workers who are women, 2007 to 2017",London - evening or night,2010,0.35951493550945895
night_workers_demographics,sex_timeseries,"Share of night time workers who are women, 2007 to 2017",London - evening or night,2011,0.35659432753086556
night_workers_demographics,sex_timeseries,"Share of night time workers who are women, 2007 to 2017",London - evening or night,2012,0.3824512925984058
night_workers_demographics,sex_timeseries,"Share of night time workers who are women, 2007 to 2017",London - evening or night,2013,0.35917759741044036
night_workers_demographics,sex_timeseries,"Share of night time workers who are women, 2007 to 2017",London - evening or night,2014,0.3800983284169125
night_workers_demographics,sex_timeseries,"Share of night time workers who are women, 2007 to 2017",London - evening or night,2015,0.38005003122829767
night_workers_demographics,sex_timeseries,"Share of night time workers who are women, 2007 to 2017",London - evening or night,2016,0.3809280556401587
night_workers_demographics,sex_timeseries,"Share of night time workers who are women, 2007 to 2017",London - evening or night,2017,0.3770638328037305
night_workers_demographics,sex_timeseries,"Share of night time workers who are women, 2007 to 2017",Rest of UK - evening or night,2007,0.41983097904731803
night_workers_demographics,sex_timeseries,"Share of night time workers who are women, 2007 to 2017",Rest of UK - evening or night,2008,0.41619317823993696
night_workers_demographics,sex_timeseries,"Share of night time workers who are women, 2007 to 2017",Rest of UK - evening or night,2009,0.4297257090174185
night_workers_demographics,sex_timeseries,"Share of night time workers who are women, 2007 to 2017",Rest of UK - evening or night,2010,0.42844853269484867
night_workers_demographics,sex_timeseries,"Share of night time workers who are women, 2007 to 2017",Rest of UK - evening or night,2011,0.4230768534636568
night_workers_demographics,sex_timeseries,"Share of night time workers who are women, 2007 to 2017",Rest of UK - evening or night,2012,0.42456961494902096
night_workers_demographics,sex_timeseries,"Share of night time workers who are women, 2007 to 2017",Rest of UK - evening or night,2013,0.4346412051821803
night_workers_demographics,sex_timeseries,"Share of night time workers who are women, 2007 to 2017",Rest of UK - evening or night,2014,0.43601338718925986
night_workers_demographics,sex_timeseries,"Share of night time workers who are women, 2007 to 2017",Rest of UK - evening or night,2015,0.43319832517418866
night_workers_demographics,sex_timeseries,"Share of night time workers who are women, 2007 to 2017",Rest of UK - evening or night,2016,0.43430909738619994
night_workers_demographics,sex_timeseries,"Share of night time workers who are women, 2007 to 2017",Rest of UK - evening or night,2017,0.4290056735382101
night_workers_demographics,sex_timeseries,"Share of night time workers who are men, 2007 to 2017",London - evening,2007,0.6368419054849117
night_workers_demographics,sex_timeseries,"Share of night time workers who are men, 2007 to 2017",London - evening,2008,0.622366418136689
night_workers_demographics,sex_timeseries,"Share of night time workers who are men, 2007 to 2017",London - evening,2009,0.6241700728442927
night_workers_demographics,sex_timeseries,"Share of night time workers who are men, 2007 to 2017",London - evening,2010,0.6384328521056283
night_workers_demographics,sex_timeseries,"Share of night time workers who are men, 2007 to 2017",London - evening,2011,0.6359065193547695
night_workers_demographics,sex_timeseries,"Share of night time workers who are men, 2007 to 2017",London - evening,2012,0.6170535120467167
night_workers_demographics,sex_timeseries,"Share of night time workers who are men, 2007 to 2017",London - evening,2013,0.6359065193547695
night_workers_demographics,sex_timeseries,"Share of night time workers who are men, 2007 to 2017",London - evening,2014,0.6142978290597592
night_workers_demographics,sex_timeseries,"Share of night time workers who are men, 2007 to 2017",London - evening,2015,0.614698772135454
night_workers_demographics,sex_timeseries,"Share of night time workers who are men, 2007 to 2017",London - evening,2016,0.6158399216304971
night_workers_demographics,sex_timeseries,"Share of night time workers who are men, 2007 to 2017",London - evening,2017,0.6192927452542576
night_workers_demographics,sex_timeseries,"Share of night time workers who are men, 2007 to 2017",London - night,2007,0.7053057235500215
night_workers_demographics,sex_timeseries,"Share of night time workers who are men, 2007 to 2017",London - night,2008,0.6903575017270616
night_workers_demographics,sex_timeseries,"Share of night time workers who are men, 2007 to 2017",London - night,2009,0.7376410710334145
night_workers_demographics,sex_timeseries,"Share of night time workers who are men, 2007 to 2017",London - night,2010,0.7006402111693275
night_workers_demographics,sex_timeseries,"Share of night time workers who are men, 2007 to 2017",London - night,2011,0.7239252254618684
night_workers_demographics,sex_timeseries,"Share of night time workers who are men, 2007 to 2017",London - night,2012,0.646015721758079
night_workers_demographics,sex_timeseries,"Share of night time workers who are men, 2007 to 2017",London - night,2013,0.7135705500291306
night_workers_demographics,sex_timeseries,"Share of night time workers who are men, 2007 to 2017",London - night,2014,0.641677346471057
night_workers_demographics,sex_timeseries,"Share of night time workers who are men, 2007 to 2017",London - night,2015,0.6802214155078488
night_workers_demographics,sex_timeseries,"Share of night time workers who are men, 2007 to 2017",London - night,2016,0.6612075719262935
night_workers_demographics,sex_timeseries,"Share of night time workers who are men, 2007 to 2017",London - night,2017,0.6802214155078488
night_workers_demographics,sex_timeseries,"Share of night time workers who are men, 2007 to 2017",London - evening or night,2007,0.6424084358535103
night_workers_demographics,sex_timeseries,"Share of night time workers who are men, 2007 to 2017",London - evening or night,2008,0.6292300814281839
night_workers_demographics,sex_timeseries,"Share of night time workers who are men, 2007 to 2017",London - evening or night,2009,0.6335971462671977
night_workers_demographics,sex_timeseries,"Share of night time workers who are men, 2007 to 2017",London - evening or night,2010,0.6404850644905411
night_workers_demographics,sex_timeseries,"Share of night time workers who are men, 2007 to 2017",London - evening or night,2011,0.6434056724691344
night_workers_demographics,sex_timeseries,"Share of night time workers who are men, 2007 to 2017",London - evening or night,2012,0.6175487074015942
night_workers_demographics,sex_timeseries,"Share of night time workers who are men, 2007 to 2017",London - evening or night,2013,0.6408224025895597
night_workers_demographics,sex_timeseries,"Share of night time workers who are men, 2007 to 2017",London - evening or night,2014,0.6199016715830875
night_workers_demographics,sex_timeseries,"Share of night time workers who are men, 2007 to 2017",London - evening or night,2015,0.6199499687717023
night_workers_demographics,sex_timeseries,"Share of night time workers who are men, 2007 to 2017",London - evening or night,2016,0.6190719443598414
night_workers_demographics,sex_timeseries,"Share of night time workers who are men, 2007 to 2017",London - evening or night,2017,0.6229361671962694
night_workers_demographics,sex_timeseries,"Share of night time workers who are men, 2007 to 2017",Rest of UK - evening or night,2007,0.580169020952682
night_workers_demographics,sex_timeseries,"Share of night time workers who are men, 2007 to 2017",Rest of UK - evening or night,2008,0.583806821760063
night_workers_demographics,sex_timeseries,"Share of night time workers who are men, 2007 to 2017",Rest of UK - evening or night,2009,0.5702742909825815
night_workers_demographics,sex_timeseries,"Share of night time workers who are men, 2007 to 2017",Rest of UK - evening or night,2010,0.5715514673051514
night_workers_demographics,sex_timeseries,"Share of night time workers who are men, 2007 to 2017",Rest of UK - evening or night,2011,0.5769231465363431
night_workers_demographics,sex_timeseries,"Share of night time workers who are men, 2007 to 2017",Rest of UK - evening or night,2012,0.575430385050979
night_workers_demographics,sex_timeseries,"Share of night time workers who are men, 2007 to 2017",Rest of UK - evening or night,2013,0.5653587948178197
night_workers_demographics,sex_timeseries,"Share of night time workers who are men, 2007 to 2017",Rest of UK - evening or night,2014,0.5639866128107401
night_workers_demographics,sex_timeseries,"Share of night time workers who are men, 2007 to 2017",Rest of UK - evening or night,2015,0.5668016748258113
night_workers_demographics,sex_timeseries,"Share of night time workers who are men, 2007 to 2017",Rest of UK - evening or night,2016,0.5656909026138001
night_workers_demographics,sex_timeseries,"Share of night time workers who are men, 2007 to 2017",Rest of UK - evening or night,2017,0.5709943264617898
working_patterns,shift_work,,workers at night,Shift working | Most of the time,0.5481459286315649
working_patterns,shift_work,,workers at night,Occasionally,0.040098944601770777
working_patterns,shift_work,,workers at night,Never,0.4117551267666643
working_patterns,shift_work,,workers in the evening,Shift working | Most of the time,0.31087126882184474
working_patterns,shift_work,,workers in the evening,Occasionally,0.04714740071672732
working_patterns,shift_work,,workers in the evening,Never,0.6419813304614279
working_patterns,shift_work,,workers at night or in the evening,Shift working | Most of the time,0.32606733944387867
working_patterns,shift_work,,workers at night or in the evening,Occasionally,0.04567663487948647
working_patterns,shift_work,,workers at night or in the evening,Never,0.6282560256766349
working_patterns,shift_work,,workers at other times of day,Shift working | Most of the time,0.04195298461243218
working_patterns,shift_work,,workers at other times of day,Occasionally,0.027107612658978698
working_patterns,shift_work,,workers at other times of day,Never,0.9309394027285891
working_patterns,shift_work,,workers at night,Shift working | Most of the time,0.6263572463022411
working_patterns,shift_work,,workers at night,Occasionally,0.056985520196176365
working_patterns,shift_work,,workers at night,Never,0.31665723350158254
working_patterns,shift_work,,workers in the evening,Shift working | Most of the time,0.3880992884450054
working_patterns,shift_work,,workers in the evening,Occasionally,0.06603321255134897
working_patterns,shift_work,,workers in the evening,Never,0.5458674990036456
working_patterns,shift_work,,workers at night or in the evening,Shift working | Most of the time,0.40604901550111094
working_patterns,shift_work,,workers at night or in the evening,Occasionally,0.0665324642298545
working_patterns,shift_work,,workers at night or in the evening,Never,0.5274185202690346
working_patterns,shift_work,,workers at other times of day,Shift working | Most of the time,0.045026745155603225
working_patterns,shift_work,,workers at other times of day,Occasionally,0.028944694625494774
working_patterns,shift_work,,workers at other times of day,Never,0.926028560218902
working_patterns,shift_work,,Cultural and Leisure Activities,Shift working | Most of the time,0.28941484181693544
working_patterns,shift_work,,Cultural and Leisure Activities,Occasionally,0.050878075618360004
working_patterns,shift_work,,Cultural and Leisure Activities,Never,0.6597070825647046
working_patterns,shift_work,,Activities which support culture and leisure activities,Shift working | Most of the time,0.30563336120401335
working_patterns,shift_work,,Activities which support culture and leisure activities,Occasionally,0.05557587792642141
working_patterns,shift_work,,Activities which support culture and leisure activities,Never,0.6387907608695652
working_patterns,shift_work,,Health and personal social services,Shift working | Most of the time,0.2712315968347678
working_patterns,shift_work,,Health and personal social services,Occasionally,0.07712346568040457
working_patterns,shift_work,,Health and personal social services,Never,0.6516449374848277
working_patterns,shift_work,,Activities which support wider social and economic activities,Shift working | Most of the time,0.06761927908967036
working_patterns,shift_work,,Activities which support wider social and economic activities,Occasionally,0.020466127660234614
working_patterns,shift_work,,Activities which support wider social and economic activities,Never,0.911914593250095
working_patterns,shift_work,,Rest of economy,Shift working | Most of the time,0.0256655870953642
working_patterns,shift_work,,Rest of economy,Occasionally,0.016538830854504322
working_patterns,shift_work,,Rest of economy,Never,0.9577955820501315
working_patterns,shift_work,,Cultural and Leisure Activities,Shift working | Most of the time,0.24461466948151303
working_patterns,shift_work,,Cultural and Leisure Activities,Occasionally,0.05723757690792999
working_patterns,shift_work,,Cultural and Leisure Activities,Never,0.6981477536105569
working_patterns,shift_work,,Activities which support culture and leisure activities,Shift working | Most of the time,0.23896608745676384
working_patterns,shift_work,,Activities which support culture and leisure activities,Occasionally,0.05360872882722632
working_patterns,shift_work,,Activities which support culture and leisure activities,Never,0.7074251837160098
working_patterns,shift_work,,Health and personal social services,Shift working | Most of the time,0.3101645973361864
working_patterns,shift_work,,Health and personal social services,Occasionally,0.06093725283795949
working_patterns,shift_work,,Health and personal social services,Never,0.6288981498258541
working_patterns,shift_work,,Activities which support wider social and economic activities,Shift working | Most of the time,0.14706287083249434
working_patterns,shift_work,,Activities which support wider social and economic activities,Occasionally,0.02918081753699991
working_patterns,shift_work,,Activities which support wider social and economic activities,Never,0.8237563116305058
working_patterns,shift_work,,Rest of economy,Shift working | Most of the time,0.046885864550453835
working_patterns,shift_work,,Rest of economy,Occasionally,0.028209995440951596
working_patterns,shift_work,,Rest of economy,Never,0.9249041400085946
working_patterns,part_time_second_job,,workers at night,Full-time,0.8585859570775276
working_patterns,part_time_second_job,,workers at night,Part-time,0.1414140429224724
working_patterns,part_time_second_job,,workers at night,Second job,0.0363304443554192
working_patterns,part_time_second_job,,workers in the evening,Full-time,0.8104949393060082
working_patterns,part_time_second_job,,workers in the evening,Part-time,0.18950506069399176
working_patterns,part_time_second_job,,workers in the evening,Second job,0.04685360280591978
working_patterns,part_time_second_job,,workers at night or in the evening,Full-time,0.8102520304739618
working_patterns,part_time_second_job,,workers at night or in the evening,Part-time,0.18974796952603823
working_patterns,part_time_second_job,,workers at night or in the evening,Second job,0.04602892437853628
working_patterns,part_time_second_job,,workers at other times of day,Full-time,0.7801707206361815
working_patterns,part_time_second_job,,workers at other times of day,Part-time,0.21982927936381846
working_patterns,part_time_second_job,,workers at other times of day,Second job,0.03055268392272552
working_patterns,part_time_second_job,,workers at night,Full-time,0.7038272150007613
working_patterns,part_time_second_job,,workers at night,Part-time,0.2961727849992387
working_patterns,part_time_second_job,,workers at night,Second job,0.03627680625204254
working_patterns,part_time_second_job,,workers in the evening,Full-time,0.7154384470148446
working_patterns,part_time_second_job,,workers in the evening,Part-time,0.2845615529851554
working_patterns,part_time_second_job,,workers in the evening,Second job,0.04648556880782418
working_patterns,part_time_second_job,,workers at night or in the evening,Full-time,0.7181050283145713
working_patterns,part_time_second_job,,workers at night or in the evening,Part-time,0.28189497168542865
working_patterns,part_time_second_job,,workers at night or in the evening,Second job,0.045199909743933064
working_patterns,part_time_second_job,,workers at other times of day,Full-time,0.7132461245474796
working_patterns,part_time_second_job,,workers at other times of day,Part-time,0.2867538754525204
working_patterns,part_time_second_job,,workers at other times of day,Second job,0.03602871462903653
working_patterns,part_time_second_job,,Cultural and Leisure Activities,Full-time,0.7047951711107885
working_patterns,part_time_second_job,,Cultural and Leisure Activities,Part-time,0.29520482888921146
working_patterns,part_time_second_job,,Activities which support culture and leisure activities,Full-time,0.705997384581081
working_patterns,part_time_second_job,,Activities which support culture and leisure activities,Part-time,0.294002615418919
working_patterns,part_time_second_job,,Health and personal social services,Full-time,0.7530492733118765
working_patterns,part_time_second_job,,Health and personal social services,Part-time,0.24695072668812348
working_patterns,part_time_second_job,,Activities which support wider social and economic activities,Full-time,0.7811681057875254
working_patterns,part_time_second_job,,Activities which support wider social and economic activities,Part-time,0.21883189421247462
working_patterns,part_time_second_job,,Rest of economy,Full-time,0.8607294100905826
working_patterns,part_time_second_job,,Rest of economy,Part-time,0.13927058990941743
working_patterns,part_time_second_job,,Cultural and Leisure Activities,Full-time,0.540969840140225
working_patterns,part_time_second_job,,Cultural and Leisure Activities,Part-time,0.459030159859775
working_patterns,part_time_second_job,,Activities which support culture and leisure activities,Full-time,0.6298864397919469
working_patterns,part_time_second_job,,Activities which support culture and leisure activities,Part-time,0.3701135602080531
working_patterns,part_time_second_job,,Health and personal social services,Full-time,0.6710072490043694
working_patterns,part_time_second_job,,Health and personal social services,Part-time,0.3289927509956307
working_patterns,part_time_second_job,,Activities which support wider social and economic activities,Full-time,0.7857468590264352
working_patterns,part_time_second_job,,Activities which support wider social and economic activities,Part-time,0.21425314097356482
working_patterns,part_time_second_job,,Rest of economy,Full-time,0.7229846410915733
working_patterns,part_time_second_job,,Rest of economy,Part-time,0.2770153589084266
working_patterns,employment_contract,,workers at night,Employee | Permanent contract,0.753617637942478
working_patterns,employment_contract,,workers at night,Other employee,0.04734046610203873
working_patterns,employment_contract,,workers at night,Self-employed,0.19553826006098501
working_patterns,employment_contract,,workers in the evening,Employee | Permanent contract,0.7258658292346252
working_patterns,employment_contract,,workers in the evening,Other employee,0.051778660719935025
working_patterns,employment_contract,,workers in the evening,Self-employed,0.2195063214153359
working_patterns,employment_contract,,workers at night or in the evening,Employee | Permanent contract,0.7332036398021065
working_patterns,employment_contract,,workers at night or in the evening,Other employee,0.05244389706870429
working_patterns,employment_contract,,workers at night or in the evening,Self-employed,0.21163284402380345
working_patterns,employment_contract,,workers at other times of day,Employee | Permanent contract,0.7879764152383112
working_patterns,employment_contract,,workers at other times of day,Other employee,0.04751807336609358
working_patterns,employment_contract,,workers at other times of day,Self-employed,0.16105298613866567
working_patterns,employment_contract,,workers at night,Employee | Permanent contract,0.8129457286161452
working_patterns,employment_contract,,workers at night,Other employee,0.056373923125927476
working_patterns,employment_contract,,workers at night,Self-employed,0.1269864188428611
working_patterns,employment_contract,,workers in the evening,Employee | Permanent contract,0.7417735104054657
working_patterns,employment_contract,,workers in the evening,Other employee,0.05591284233964795
working_patterns,employment_contract,,workers in the evening,Self-employed,0.19752647611012955
working_patterns,employment_contract,,workers at night or in the evening,Employee | Permanent contract,0.751723633220353
working_patterns,employment_contract,,workers at night or in the evening,Other employee,0.05683104371288642
working_patterns,employment_contract,,workers at night or in the evening,Self-employed,0.18702445386670877
working_patterns,employment_contract,,workers at other times of day,Employee | Permanent contract,0.8142482917794271
working_patterns,employment_contract,,workers at other times of day,Other employee,0.04818908932162959
working_patterns,employment_contract,,workers at other times of day,Self-employed,0.13304631545734488
working_patterns,employment_contract,,Cultural and Leisure Activities,Employee | Permanent contract,0.807599199001495
working_patterns,employment_contract,,Cultural and Leisure Activities,Other employee,0.19240080099850498
working_patterns,employment_contract,,Activities which support culture and leisure activities,Employee | Permanent contract,0.8068184446793382
working_patterns,employment_contract,,Activities which support culture and leisure activities,Other employee,0.1931815553206618
working_patterns,employment_contract,,Health and personal social services,Employee | Permanent contract,0.8938631121540417
working_patterns,employment_contract,,Health and personal social services,Other employee,0.1061368878459583
working_patterns,employment_contract,,Activities which support wider social and economic activities,Employee | Permanent contract,0.8720800701776636
working_patterns,employment_contract,,Activities which support wider social and economic activities,Other employee,0.12791992982233635
working_patterns,employment_contract,,Rest of economy,Employee | Permanent contract,0.8101222709873254
working_patterns,employment_contract,,Rest of economy,Other employee,0.18987772901267463
working_patterns,employment_contract,,Cultural and Leisure Activities,Employee | Permanent contract,0.8349077532342559
working_patterns,employment_contract,,Cultural and Leisure Activities,Other employee,0.16509224676574408
working_patterns,employment_contract,,Activities which support culture and leisure activities,Employee | Permanent contract,0.8299570278955433
working_patterns,employment_contract,,Activities which support culture and leisure activities,Other employee,0.1700429721044567
working_patterns,employment_contract,,Health and personal social services,Employee | Permanent contract,0.9327589887598182
working_patterns,employment_contract,,Health and personal social services,Other employee,0.06724101124018177
working_patterns,employment_contract,,Activities which support wider social and economic activities,Employee | Permanent contract,0.89463974233599
working_patterns,employment_contract,,Activities which support wider social and economic activities,Other employee,0.10536025766401004
working_patterns,employment_contract,,Rest of economy,Employee | Permanent contract,0.826221245952842
working_patterns,employment_contract,,Rest of economy,Other employee,0.173778754047158
night_bus_overview,Gender,day,Gender,Male,0.43
night_bus_overview,Gender,night,Gender,Male,0.64
night_bus_overview,Gender,day,Gender,Female,0.57
night_bus_overview,Gender,night,Gender,Female,0.36
night_bus_overview,Age,day,Age,16-17,0.05
night_bus_overview,Age,night,Age,16-17,0.03
night_bus_overview,Age,day,Age,18-19,0.04
night_bus_overview,Age,night,Age,18-19,0.07
night_bus_overview,Age,day,Age,20-24,0.12
night_bus_overview,Age,night,Age,20-24,0.24
night_bus_overview,Age,day,Age,25-34,0.26
night_bus_overview,Age,night,Age,25-34,0.38
night_bus_overview,Age,day,Age,35-44,0.19
night_bus_overview,Age,night,Age,35-44,0.15
night_bus_overview,Age,day,Age,45-54,0.14
night_bus_overview,Age,night,Age,45-54,0.08
night_bus_overview,Age,day,Age,55-59,0.05
night_bus_overview,Age,night,Age,55-59,0.02
night_bus_overview,Age,day,Age,60-64,0.04
night_bus_overview,Age,night,Age,60-64,0.01
night_bus_overview,Age,day,Age,65-69,0.04
night_bus_overview,Age,night,Age,65-69,0.01
night_bus_overview,Age,day,Age,70-79,0.04
night_bus_overview,Age,night,Age,70-79,0.0
night_bus_overview,Age,day,Age,80+,0.02
night_bus_overview,Age,night,Age,80+,0.0
night_bus_overview,Household Income,day,Household Income,"Up tp £10,000",0.23
night_bus_overview,Household Income,night,Household Income,"Up tp £10,000",0.25
night_bus_overview,Household Income,day,Household Income,"£10,001 to £15,000",0.15
night_bus_overview,Household Income,night,Household Income,"£10,001 to £15,000",0.18
night_bus_overview,Household Income,day,Household Income,"£15,001 to £20,000",0.12
night_bus_overview,Household Income,night,Household Income,"£15,001 to £20,000",0.14
night_bus_overview,Household Income,day,Household Income,"£20,001 to £30,000",0.17
night_bus_overview,Household Income,night,Household Income,"£20,001 to £30,000",0.17
night_bus_overview,Household Income,day,Household Income,"£30,001 to £40,000",0.11
night_bus_overview,Household Income,night,Household Income,"£30,001 to £40,000",0.1
night_bus_overview,Household Income,day,Household Income,"£40,001 to £75,000",0.12
night_bus_overview,Household Income,night,Household Income,"£40,001 to £75,000",0.09
night_bus_overview,Household Income,day,Household Income,"Over £75,000",0.09
night_bus_overview,Household Income,night,Household Income,"Over £75,000",0.07
night_bus_overview,Ethnicity,day,Ethnicity,White British/Iish,0.32
night_bus_overview,Ethnicity,night,Ethnicity,White British/Iish,0.21
night_bus_overview,Ethnicity,day,Ethnicity,White other,0.21
night_bus_overview,Ethnicity,night,Ethnicity,White other,0.34
night_bus_overview,Ethnicity,day,Ethnicity,Black/Black British - Caribbean,0.07
night_bus_overview,Ethnicity,night,Ethnicity,Black/Black British - Caribbean,0.05
night_bus_overview,Ethnicity,day,Ethnicity,Black/Black British - African,0.12
night_bus_overview,Ethnicity,night,Ethnicity,Black/Black British - African,0.11
night_bus_overview,Ethnicity,day,Ethnicity,Black/Black British - other,0.01
night_bus_overview,Ethnicity,night,Ethnicity,Black/Black British - other,0.01
night_bus_overview,Ethnicity,day,Ethnicity,Asian/Asian British - Indian,0.06
night_bus_overview,Ethnicity,night,Ethnicity,Asian/Asian British - Indian,0.04
night_bus_overview,Ethnicity,day,Ethnicity,Asian/Asian British - Pakistani,0.02
night_bus_overview,Ethnicity,night,Ethnicity,Asian/Asian British - Pakistani,0.02
night_bus_overview,Ethnicity,day,Ethnicity,Asian/Asian British - Bangladeshi,0.02
night_bus_overview,Ethnicity,night,Ethnicity,Asian/Asian British - Bangladeshi,0.02
night_bus_overview,Ethnicity,day,Ethnicity,Asian/Asian British - other,0.04
night_bus_overview,Ethnicity,night,Ethnicity,Asian/Asian British - other,0.04
night_bus_overview,Ethnicity,day,Ethnicity,Mixed - White and Black Caribbean,0.01
night_bus_overview,Ethnicity,night,Ethnicity,Mixed - White and Black Caribbean,0.02
night_bus_overview,Ethnicity,day,Ethnicity,Mixed - White and Black African,0.01
night_bus_overview,Ethnicity,night,Ethnicity,Mixed - White and Black African,0.02
night_bus_overview,Ethnicity,day,Ethnicity,Mixed -White and Asian,0.01
night_bus_overview,Ethnicity,night,Ethnicity,Mixed -White and Asian,0.01
night_bus_overview,Ethnicity,day,Ethnicity,Chinese,0.02
night_bus_overview,Ethnicity,night,Ethnicity,Chinese,0.02
night_bus_overview,Ethnicity,day,Ethnicity,Other,0.07
night_bus_overview,Ethnicity,night,Ethnicity,Other,0.1
night_bus_overview,Disability,day,Disability,Any disability,0.1
night_bus_overview,Disability,night,Disability,Any disability,0.08
night_bus_overview,Frequency of Use,day,Frequency of Use,5 or more days a week,0.56
night_bus_overview,Frequency of Use,night,Frequency of Use,5 or more days a week,0.55
night_bus_overview,Frequency of Use,day,Frequency of Use,3-4 days a week,0.18
night_bus_overview,Frequency of Use,night,Frequency of Use,3-4 days a week,0.17
night_bus_overview,Frequency of Use,day,Frequency of Use,2 days a week,0.1
night_bus_overview,Frequency of Use,night,Frequency of Use,2 days a week,0.1
night_bus_overview,Frequency of Use,day,Frequency of Use,1 day a week,0.06
night_bus_overview,Frequency of Use,night,Frequency of Use,1 day a week,0.06
night_bus_overview,Frequency of Use,day,Frequency of Use,Once a fortnight,0.03
night_bus_overview,Frequency of Use,night,Frequency of Use,Once a fortnight,0.03
night_bus_overview,Frequency of Use,day,Frequency of Use,Once a month,0.02
night_bus_overview,Frequency of Use,night,Frequency of Use,Once a month,0.03
night_bus_overview,Frequency of Use,day,Frequency of Use,Less often,0.06
night_bus_overview,Frequency of Use,night,Frequency of Use,Less often,0.07
night_bus_purpose,journey_purpose,day,journey_purpose,Travelling to/ from work,0.52
night_bus_purpose,journey_purpose,night,journey_purpose,Travelling to/ from work,0.51
night_bus_purpose,journey_purpose,day,journey_purpose,To/ from shopping,0.11
night_bus_purpose,journey_purpose,night,journey_purpose,To/ from shopping,0.01
night_bus_purpose,journey_purpose,day,journey_purpose,Visting friends/ relatives,0.09
night_bus_purpose,journey_purpose,night,journey_purpose,Visting friends/ relatives,0.13
night_bus_purpose,journey_purpose,day,journey_purpose,Leisure,0.08
night_bus_purpose,journey_purpose,night,journey_purpose,Leisure,0.18
night_bus_purpose,journey_purpose,day,journey_purpose,To/from school/ education,0.07
night_bus_purpose,journey_purpose,night,journey_purpose,To/from school/ education,0.04
night_bus_purpose,journey_purpose,day,journey_purpose,Other,0.03
night_bus_purpose,journey_purpose,night,journey_purpose,Other,0.06
night_bus_purpose,journey_purpose,day,journey_purpose,Employer Business,0.02
night_bus_purpose,journey_purpose,night,journey_purpose,Employer Business,0.02
night_bus_purpose,journey_purpose,day,journey_purpose,Holiday/ sightseeing,0.02
night_bus_purpose,journey_purpose,night,journey_purpose,Holiday/ sightseeing,0.03
night_bus_purpose,journey_purpose,day,journey_purpose,Personal Business,0.02
night_bus_purpose,journey_purpose,night,journey_purpose,Personal Business,0.01
night_bus_purpose,journey_purpose,day,journey_purpose,Picking up/ dropping off someone,0.01
night_bus_purpose,journey_purpose,night,journey_purpose,Picking up/ dropping off someone,0.01
